description,sequence,primer,hamming_distance
A/Guangdong/18SF003/2018||A_/_H9N2||HA|4|2018-01-23|1352837,TCAAAATTAGAAAGACAGAAAATAGAGGGGGTCAAGCTGGAATCTGAAGGAACTTACAAAATCCTCACCATTTATTCGACTGTCGCCTCATCTCTTGTGATTGCAATGGGGTTTGCTGCCTTTTTGTTCTGGGCCATGTCCAATGGGTCTTGCAGATGCAACATTTGTATATAATTGGCAAAAACACCCTTGTTTCTACT,---------------------------------------------------------------------------------------------------------------------------------------------------------------------TTCAGAATCATGAGAAAAACACCCTTG--------,9.0
A/Guangdong/18SF064/2018||A_/_H9N2||HA|4|2018-10-19|1384077,TCAAAATTAGAAAGACAGAAAATAGAGGGGGTCAAGCTGGAATCTGAAGGAACTTACAAAATCCTCACCATTTATTCGACTGTCGCCTCATCTCTTGTGATTGCAATGGGGTTTGCTGCCTTTTTGTTCTGGGCCATGTCCAATGGGTCTTGCAGATGCAACATTTGTATATAATTGGCAAAAACACCCTTGTTTCTACT,---------------------------------------------------------------------------------------------------------------------------------------------------------------------TTCAGAATCATGAGAAAAACACCCTTG--------,9.0
A/Guangxi-Xiangshan/11522/2018||A_/_H9N2||HA|4|2018-10-11|1384085,TCAAAATTAGGAAGACAGAAAATAGAGGGGGTCAAGCTGGAATCTGAAGGAACTTACAAAATTCTCACCATTTATTCGACTGTCGCCTCATCTATTGTGATTGCAATGGGGTTTGCTGCCTTTTTGTTCTGGGCCATGTCCAATGGGTCTTGCAGATGCAACATTTGTATATAATTGGCAAAAACACCCTTGTTTCTACT,---------------------------------------------------------------------------------------------------------------------------------------------------------------------TTCAGAATCATGAGAAAAACACCCTTG--------,9.0
A/Hunan/34179/2018||A_/_H9N2||HA|4|2018-11-28|1384093,TCAAAATTAGAGAGACAGAGAATAGAGGGGGTCAAGCTGGAATCTGAAGGAACTTACAAAATCCTAACCATTTATTCGACTGTCGCCTCATCCCTTGTGATTGCAATGGGGTTTGCTGCCTTCTTGTTCTGGGCCATGTCTAATGGGTCTTGCAGATGCAACATTTGTATATAATTAGCAAAAACACCCTTGTTTCTACT,---------------------------------------------------------------------------------------------------------------------------------------------------------------------TTCAGAATCATGAGAAAAACACCCTTG--------,10.0
A/Fujian-Sanyuan/2881/2019||A_/_H9N2||HA|4|2019-11-05|1676306,TCAAAGTTAGAGAGACAGAGAATAGAGGGGGTCAAGCTGGAATCTGAAGGAACTTACAAAATCCTCACCATTTATTCGACTGTCGCCTCATCTCTTGTGATTGCAATGGGGTTTGCTGCCTTCTTGTTCTGGGCCATGTCGAATGGGTCTTGCAGATGCAACATTTGTATATAATTAGCAAAAACACCCTTGTTTCTACT,---------------------------------------------------------------------------------------------------------------------------------------------------------------------TTCAGAATCATGAGAAAAACACCCTTG--------,10.0
A/Guangdong/Zhuhai/20SF8034/2020||A_/_H9N2||HA|4|2020-03-26|1738873,TCAAAATTAGAGAGACAGAGAATAGAGGGGGTCAAGCTGGAATCTGAAGGAACTTACAAAATCCTAACCATTTATTCGACTGTCGCCTCATCCCTTGTGATTGCAATGGGGTTTGCTGCCTTCTTGTTCTGGGCCATGTCTAATGGGTCTTGCAGATGCAACATTTGTATATAATTAGCAAAAACACCCTTGTTTCTACT,---------------------------------------------------------------------------------------------------------------------------------------------------------------------TTCAGAATCATGAGAAAAACACCCTTG--------,10.0
A/Hunan/11173/2020||A_/_H9N2||HA|4|2020-04-21|1804960,TCAAAATTAGAGAGACAGAGAATAGAGGGGGTCAAGCTGGAATCTGAAGGAACTTACAAAATTCTAACCATTTATTCGACTGTCGCCTCATCCCTTGTGATTGCAATGGGGTTTGCTGCCTTCTTGTTCTGGGCCATGTCTAATGGGTCTTGCAGATGCAACATTTGTATATAATTAGCAAAAACACCCTTGTTTCTACT,---------------------------------------------------------------------------------------------------------------------------------------------------------------------TTCAGAATCATGAGAAAAACACCCTTG--------,10.0
A/Guangdong/11172/2020||A_/_H9N2||HA|4|2020-03-23|1804968,TCAAAATTAGAGAGACAGAGAATAGAGGGGGTCAAGCTGGAATCTGAAGGAACTTACAAAATCCTAACCATTTATTCGACTGTCGCCTCATCCCTTGTGATTGCAATGGGGTTTGCTGCCTTCTTGTTCTGGGCCATGTCTAATGGGTCTTGCAGATGCAACATTTGTATATAATTAGCAAAAACACCCTTGTTTCTACT,---------------------------------------------------------------------------------------------------------------------------------------------------------------------TTCAGAATCATGAGAAAAACACCCTTG--------,10.0
A/Guizhou/13392/2020||A_/_H9N2||HA|4|2020-06-02|1815430,TCAAAATTAGAAAGACAGAAAATAGAGGGGGTCAAGCTGGAATCTGAAGGAACTTACAAAATCCTCACCATTTATTCGACTGTCGCCTCATCTCTTGTGATTGCAATGGGGTTTGCTGCCTTTTTGTTCTGGGCCATGTCCAATGGGTCTTGCAGATGCAACATTTGTATATAATTGGCAAAAACACCCTTGTTTCTACT,---------------------------------------------------------------------------------------------------------------------------------------------------------------------TTCAGAATCATGAGAAAAACACCCTTG--------,9.0
AHubei-songzi/1631/2019||A_/_H9N2||HA|4|2019-07-18|1815438,TCAAAATTAGAGAGACAGAGAATAGAGGGGGTCAAGCTGGAATCTGAAGGAACTTACAAAATCCTAACCATTTATTCGACTGTCGCCTCATCCCTTGTGATTGCAATGGGGTTTGCTGCCTTCTTGTTCTGGGCCATGTCTAATGGGTCTTGCAGATGCAACATTTGTATATAATTAGCAAAAACACCCTTGTTTCTACT,---------------------------------------------------------------------------------------------------------------------------------------------------------------------TTCAGAATCATGAGAAAAACACCCTTG--------,10.0
A/Hubei-songzi/1631/2019||A_/_H9N2||HA|4|2019-07-18|1841234,TCAAAATTAGAGAGACAGAGAATAGAGGGGGTCAAGCTGGAATCTGAAGGAACTTACAAAATCCTAACCATTTATTCGACTGTCGCCTCATCCCTTGTGATTGCAATGGGGTTTGCTGCCTTCTTGTTCTGGGCCATGTCTAATGGGTCTTGCAGATGCAACATTTGTATATAATTAGCAAAAACACCCTTGTTTCTACT,---------------------------------------------------------------------------------------------------------------------------------------------------------------------TTCAGAATCATGAGAAAAACACCCTTG--------,10.0
A/Guangdong/20SF15010/2020||A_/_H9N2||HA|4|2020-08-12|1841242,TCAAAATTAGAAAGACAGAAAATAGAGGGGGTCAAGCTGGAATCTGAAGGAACTTACAAAATCCTCACCATTTATTCGACTGTCGCTTCATCTCTTGTGATTGCAATGGGGTTTGCTGCCTTTTTGTTCTGGGCCATGTCCAATGGGTCTTGCAGATGCAACATTTGTATATAATTGGCAAAAACACCCTTGTTTCTACT,---------------------------------------------------------------------------------------------------------------------------------------------------------------------TTCAGAATCATGAGAAAAACACCCTTG--------,9.0
A/Guangdong/SF16348/2020||A_/_H9N2||HA|4|2020-10-12|1841250,TCAAAATTAGAGAGACAGAGGATAGAGGGGGTCAAGCTGGAATCTGAAGGAACTTACAAAATCCTAACCATTTATTCGACTGTCGCCTCATCCCTTGTGCTTGCAATGGGGTTTGCTGCCTTCTTGTTCTGGGCCATGTCTAATGGGTCTTGCAGGTGCAACATTTGTATATAATTAGCAAAAACACCCTTGTTTCTACT,---------------------------------------------------------------------------------------------------------------------------------------------------------------------TTCAGAATCATGAGAAAAACACCCTTG--------,10.0
A/Sichuan-Xichang/1619/2020||A_/_H9N2||HA|4|2020-11-30|1848155,TCAAAATTAGAAAGACAGAAAATAGAGGGGGTCAAGCTGGAATCTGAAGGAACTTACAAGATCCTCACCATTTATTCGACTGTCGCCTCATCTCTTGTGATTGCAATGGGGTTTGCTGCCTTCTTGTTCTGGGCCATGTCCAATGGGTCTTGCAGATGCAACATTTGTATATAATTGGCAAAAACACCCTTGTTTCTACT,---------------------------------------------------------------------------------------------------------------------------------------------------------------------TTCAGAATCATGAGAAAAACACCCTTG--------,9.0
A/Jiangsu/602/2021||A_/_H9N2||HA|4|2021-06-03|1884586,TCGAAATTAGTAAGACAGAAAATAGAGGGGGTCAAGCTGGAATCTGAAGGAACTTACAAAATCCTCACCATTTATTCGACTGTCGCCTCATCTCTTGTGGTTGCAATGGGGTTTGCTGCCTTCTTGTTCTGGGCCATGTCCAATGGGTCTTGCAGATGCAACATTTGTATATAATTGGCAAAAACACCCTTGTTTCTACT,---------------------------------------------------------------------------------------------------------------------------------------------------------------------TTCAGAATCATGAGAAAAACACCCTTG--------,9.0
A/Hubei-Fangxian/218/2021||A_/_H9N2||HA|4|2021-02-10|1884650,TCAAAATTGGAAAGACAGAAAATAGAGGGGGTCAAGCTGGAATCTGAAGGAACTTACAAAATCCTCACCATTTATTCGACTGTCGCCTCATCTCTTGTTATTGCAATGGGGTTTGCTGCCTTTTTGTTCTGGGCCATGTCCAATGGGTCTTGCAGATGCAACATTTGTATATAATTGGCAAAAACACCCTTGTTTCTACT,---------------------------------------------------------------------------------------------------------------------------------------------------------------------TTCAGAATCATGAGAAAAACACCCTTG--------,9.0
A/Fujian-siming/19/2021||A_/_H9N2||HA|4|2021-01-04|1884682,TCGAAATTAGAAAGACAGAAAATAGAGGGGGTCAAGTTGGAATCTGAAGGAACTTACAAAATCCTCACCATTTATTCGACTGTCGCCTCATCTCTTGTGATTGCAATGGGGTTTGCTGCCTTTTTGTTCTGGGCCATGTCCAATGGGTCTTGCAGATGCAACATTTGTATATAATTGGCAAAAACACCCTTGTTTCTACT,---------------------------------------------------------------------------------------------------------------------------------------------------------------------TTCAGAATCATGAGAAAAACACCCTTG--------,9.0
A/Hunan/00468/2021||A_/_H9N2||HA|4|2021-01-27|1884698,TCAAAATTAGAAAGACAGAAAATAGAGGGGGTCAAGCTGGAATCTGAAGGGACTTACAAAATCCTCACCATTTATTCGACTGTCGCCTCATCTCTTGTGATTGCAATGGGGTTTGCTGCCTTTTTGTTCTGGGCCATGTCCAATGGGTCTTGCAGATGCAACATTTGTATATAATTGGCAAAAACACCCTTGTTTCTACT,---------------------------------------------------------------------------------------------------------------------------------------------------------------------TTCAGAATCATGAGAAAAACACCCTTG--------,9.0
A/Jiangxi/00346/2021||A_/_H9N2||HA|4|2021-01-18|1884706,TCGAAATTAGAAAGACAGAAAATAGAGGGGGTCAAACTGGAATCTGAAGGAACTTACAAAATCCTCACCATTTATTCGACTGTCGCCTCATCTCTTGTGATTGCAATGGGGTTTGCTGCCTTTTTGTTCTGGGCCATGTCCAATGGGTCTTGCAGATGCAACATTTGTATATAATTGGCAAAAACACCCTTGTTTCTACT,---------------------------------------------------------------------------------------------------------------------------------------------------------------------TTCAGAATCATGAGAAAAACACCCTTG--------,9.0
A/Fujiansiming/19/2021||A_/_H9N2||HA|4|2021-01-04|2161501,TCGAAATTAGAAAGACAGAAAATAGAGGGGGTCAAGTTGGAATCTGAAGGAACTTACAAAATCCTCACCATTTATTCGACTGTCGCCTCATCTCTTGTGATTGCAATGGGGTTTGCTGCCTTTTTGTTCTGGGCCATGTCCAATGGGTCTTGCAGATGCAACATTTGTATATAATTGGCAAAAACACCCTTGTTTCTACT,---------------------------------------------------------------------------------------------------------------------------------------------------------------------TTCAGAATCATGAGAAAAACACCCTTG--------,9.0
HA_Reverse_2.3 HA reverse primer,---------------------------------------------------------------------------------------------------------------------------------------------------------------------TTCAGAATCATGAGAAAAACACCCTTG--------,---------------------------------------------------------------------------------------------------------------------------------------------------------------------TTCAGAATCATGAGAAAAACACCCTTG--------,0.0
"HA_Reverse_2.4_Brisbane HA reverse primer, Brisbane 2007 sequence specific",----------------------------------------------------------------------------------------------------------------------------------------------------------------------CAGAAATATAAGGAAAAACACCCTTGTTTC----,---------------------------------------------------------------------------------------------------------------------------------------------------------------------TTCAGAATCATGAGAAAAACACCCTTG--------,10.0
